Workbook

Sheet Sheet2
A1: Gender | B1: (All) | D1: Price_range | E1: (All) | G1: Row Labels
A2: Highest Number of Respondents | G2: 15-18
A3: Row Labels | B3: Count of Respondents | D3: Row Labels | E3: Count of Respondents | G3: 19-30
A4: 15-18 | B4: 10 | D4: Tier 1 | E4: 50 | G4: 31-45
A5: 19-30 | B5: 42 | D5: Tier 2 | E5: 20 | G5: 46-65
A6: 31-45 | B6: 14 | D6: Grand Total | E6: 70 | G6: 65+
A7: 46-65 | B7: 2 | G7: Grand Total
A8: 65+ | B8: 2
A9: Grand Total | B9: 70
A10: Age Group | B10: 19-30
D11: Row Labels | E11: Count of Respondents
B12: Values | D12: F | E12: 25
A13: Brand | B13: Avg Taste_experience | C13: No. Of Repondents | D13: M | E13: 40
A14: Bepsi | B14: 3.4285714 | C14: 7 | D14: Non-binary | E14: 5
A15: Blue Bull | B15: 2.5 | C15: 2 | D15: Grand Total | E15: 70
A16: Codex | B16: 3.2 | C16: 5
A17: Cola-Coka | B17: 3.6 | C17: 10
A18: Gangster | B18: 3 | C18: 8
A19: Others | B19: 3.25 | C19: 4
A20: Sky 9 | B20: 3.8333333 | C20: 6

Sheet fact_survey_responses
A1: Response_ID | B1: Respondent_ID | C1: Current_Brands | D1: Taste_experience | E1: Price_range | F1: Purchase_location | G1: Respondents | H1: Age Group | I1: Gender | J1: City | K1: Tier
A2: 103001 | B2: 120031 | C2: Blue Bull | D2: 5 | E2: 50-99 | F2: Supermarkets | G2: =VLOOKUP(B2, dim_respondents!$A$2:$F$71,2,FALSE) -> Aniruddh Issac | H2: =VLOOKUP((B2),dim_respondents!$A$2:$G$71,3, FALSE) -> 15-18 | I2: =VLOOKUP(B2,dim_respondents!$A$2:$G$71,4, FALSE) -> F | J2: =VLOOKUP((B2),dim_respondents!$A$2:$G$71,6, FALSE) -> Ahmedabad | K2: =VLOOKUP((B2),dim_respondents!$A$2:$G$71,7, FALSE) -> Tier 2
A3: 103002 | B3: 120032 | C3: Bepsi | D3: 5 | E3: 50-99 | F3: Supermarkets | G3: =VLOOKUP(B3, dim_respondents!$A$2:$F$71,2,FALSE) -> Trisha Rout | H3: =VLOOKUP((B3),dim_respondents!$A$2:$G$71,3, FALSE) -> 19-30 | I3: =VLOOKUP(B3,dim_respondents!$A$2:$G$71,4, FALSE) -> M | J3: =VLOOKUP((B3),dim_respondents!$A$2:$G$71,6, FALSE) -> Pune | K3: =VLOOKUP((B3),dim_respondents!$A$2:$G$71,7, FALSE) -> Tier 2
A4: 103003 | B4: 120033 | C4: Bepsi | D4: 2 | E4: 100-150 | F4: Supermarkets | G4: =VLOOKUP(B4, dim_respondents!$A$2:$F$71,2,FALSE) -> Yuvraj Virk | H4: =VLOOKUP((B4),dim_respondents!$A$2:$G$71,3, FALSE) -> 15-18 | I4: =VLOOKUP(B4,dim_respondents!$A$2:$G$71,4, FALSE) -> M | J4: =VLOOKUP((B4),dim_respondents!$A$2:$G$71,6, FALSE) -> Hyderabad | K4: =VLOOKUP((B4),dim_respondents!$A$2:$G$71,7, FALSE) -> Tier 1
A5: 103004 | B5: 120034 | C5: Bepsi | D5: 5 | E5: Above 150 | F5: Supermarkets | G5: =VLOOKUP(B5, dim_respondents!$A$2:$F$71,2,FALSE) -> Pranay Chand | H5: =VLOOKUP((B5),dim_respondents!$A$2:$G$71,3, FALSE) -> 31-45 | I5: =VLOOKUP(B5,dim_respondents!$A$2:$G$71,4, FALSE) -> F | J5: =VLOOKUP((B5),dim_respondents!$A$2:$G$71,6, FALSE) -> Bangalore | K5: =VLOOKUP((B5),dim_respondents!$A$2:$G$71,7, FALSE) -> Tier 1
A6: 103005 | B6: 120035 | C6: Sky 9 | D6: 5 | E6: 100-150 | F6: Online retailers | G6: =VLOOKUP(B6, dim_respondents!$A$2:$F$71,2,FALSE) -> Mohanlal Joshi | H6: =VLOOKUP((B6),dim_respondents!$A$2:$G$71,3, FALSE) -> 19-30 | I6: =VLOOKUP(B6,dim_respondents!$A$2:$G$71,4, FALSE) -> F | J6: =VLOOKUP((B6),dim_respondents!$A$2:$G$71,6, FALSE) -> Lucknow | K6: =VLOOKUP((B6),dim_respondents!$A$2:$G$71,7, FALSE) -> Tier 2
A7: 103006 | B7: 120036 | C7: Cola-Coka | D7: 5 | E7: Above 150 | F7: Gyms and fitness centers | G7: =VLOOKUP(B7, dim_respondents!$A$2:$F$71,2,FALSE) -> Zeeshan Ratta | H7: =VLOOKUP((B7),dim_respondents!$A$2:$G$71,3, FALSE) -> 19-30 | I7: =VLOOKUP(B7,dim_respondents!$A$2:$G$71,4, FALSE) -> F | J7: =VLOOKUP((B7),dim_respondents!$A$2:$G$71,6, FALSE) -> Pune | K7: =VLOOKUP((B7),dim_respondents!$A$2:$G$71,7, FALSE) -> Tier 2
A8: 103007 | B8: 120037 | C8: Cola-Coka | D8: 4 | E8: 100-150 | F8: Other | G8: =VLOOKUP(B8, dim_respondents!$A$2:$F$71,2,FALSE) -> Oorja Anne | H8: =VLOOKUP((B8),dim_respondents!$A$2:$G$71,3, FALSE) -> 19-30 | I8: =VLOOKUP(B8,dim_respondents!$A$2:$G$71,4, FALSE) -> M | J8: =VLOOKUP((B8),dim_respondents!$A$2:$G$71,6, FALSE) -> Mumbai | K8: =VLOOKUP((B8),dim_respondents!$A$2:$G$71,7, FALSE) -> Tier 1
A9: 103008 | B9: 120038 | C9: Gangster | D9: 4 | E9: 50-99 | F9: Gyms and fitness centers | G9: =VLOOKUP(B9, dim_respondents!$A$2:$F$71,2,FALSE) -> Rhea Khanna | H9: =VLOOKUP((B9),dim_respondents!$A$2:$G$71,3, FALSE) -> 19-30 | I9: =VLOOKUP(B9,dim_respondents!$A$2:$G$71,4, FALSE) -> M | J9: =VLOOKUP((B9),dim_respondents!$A$2:$G$71,6, FALSE) -> Hyderabad | K9: =VLOOKUP((B9),dim_respondents!$A$2:$G$71,7, FALSE) -> Tier 1
A10: 103009 | B10: 120039 | C10: Gangster | D10: 3 | E10: 100-150 | F10: Other | G10: =VLOOKUP(B10, dim_respondents!$A$2:$F$71,2,FALSE) -> Zara Joshi | H10: =VLOOKUP((B10),dim_respondents!$A$2:$G$71,3, FALSE) -> 46-65 | I10: =VLOOKUP(B10,dim_respondents!$A$2:$G$71,4, FALSE) -> M | J10: =VLOOKUP((B10),dim_respondents!$A$2:$G$71,6, FALSE) -> Hyderabad | K10: =VLOOKUP((B10),dim_respondents!$A$2:$G$71,7, FALSE) -> Tier 1
A11: 103010 | B11: 120040 | C11: Sky 9 | D11: 4 | E11: 50-99 | F11: Gyms and fitness centers | G11: =VLOOKUP(B11, dim_respondents!$A$2:$F$71,2,FALSE) -> Sana Dhawan | H11: =VLOOKUP((B11),dim_respondents!$A$2:$G$71,3, FALSE) -> 19-30 | I11: =VLOOKUP(B11,dim_respondents!$A$2:$G$71,4, FALSE) -> F | J11: =VLOOKUP((B11),dim_respondents!$A$2:$G$71,6, FALSE) -> Hyderabad | K11: =VLOOKUP((B11),dim_respondents!$A$2:$G$71,7, FALSE) -> Tier 1
A12: 103011 | B12: 120041 | C12: Codex | D12: 5 | E12: 50-99 | F12: Supermarkets | G12: =VLOOKUP(B12, dim_respondents!$A$2:$F$71,2,FALSE) -> Misha Warrior | H12: =VLOOKUP((B12),dim_respondents!$A$2:$G$71,3, FALSE) -> 19-30 | I12: =VLOOKUP(B12,dim_respondents!$A$2:$G$71,4, FALSE) -> F | J12: =VLOOKUP((B12),dim_respondents!$A$2:$G$71,6, FALSE) -> Bangalore | K12: =VLOOKUP((B12),dim_respondents!$A$2:$G$71,7, FALSE) -> Tier 1
A13: 103012 | B13: 120042 | C13: Others | D13: 2 | E13: 100-150 | F13: Online retailers | G13: =VLOOKUP(B13, dim_respondents!$A$2:$F$71,2,FALSE) -> Kiara Chander | H13: =VLOOKUP((B13),dim_respondents!$A$2:$G$71,3, FALSE) -> 19-30 | I13: =VLOOKUP(B13,dim_respondents!$A$2:$G$71,4, FALSE) -> F | J13: =VLOOKUP((B13),dim_respondents!$A$2:$G$71,6, FALSE) -> Mumbai | K13: =VLOOKUP((B13),dim_respondents!$A$2:$G$71,7, FALSE) -> Tier 1
... A71: 103070 | B71: 120100 | C71: Gangster | D71: 2 | E71: 50-99 | F71: Gyms and fitness centers | G71: =VLOOKUP(B71, dim_respondents!$A$2:$F$71,2,FALSE) -> Divyansh Bhatt | H71: =VLOOKUP((B71),dim_respondents!$A$2:$G$71,3, FALSE) -> 19-30 | I71: =VLOOKUP(B71,dim_respondents!$A$2:$G$71,4, FALSE) -> M | J71: =VLOOKUP((B71),dim_respondents!$A$2:$G$71,6, FALSE) -> Chennai | K71: =VLOOKUP((B71),dim_respondents!$A$2:$G$71,7, FALSE) -> Tier 1

Sheet dim_respondents
A1: Respondent_ID | B1: Name | C1: Age | D1: Gender | E1: City_ID | F1: City_Name | G1: Tier
A2: 120031 | B2: Aniruddh Issac | C2: 15-18 | D2: F | E2: CT117 | F2: =VLOOKUP(TRIM(E2), dim_cities!$A$2:$C$11, 2, FALSE) -> Ahmedabad | G2: =VLOOKUP(TRIM(E2),dim_cities!$A$2:$C$11,3,FALSE) -> Tier 2
A3: 120032 | B3: Trisha Rout | C3: 19-30 | D3: M | E3: CT118 | F3: =VLOOKUP(TRIM(E3), dim_cities!$A$2:$C$11, 2, FALSE) -> Pune | G3: =VLOOKUP(TRIM(E3),dim_cities!$A$2:$C$11,3,FALSE) -> Tier 2
A4: 120033 | B4: Yuvraj Virk | C4: 15-18 | D4: M | E4: CT116 | F4: =VLOOKUP(TRIM(E4), dim_cities!$A$2:$C$11, 2, FALSE) -> Hyderabad | G4: =VLOOKUP(TRIM(E4),dim_cities!$A$2:$C$11,3,FALSE) -> Tier 1
A5: 120034 | B5: Pranay Chand | C5: 31-45 | D5: F | E5: CT113 | F5: =VLOOKUP(TRIM(E5), dim_cities!$A$2:$C$11, 2, FALSE) -> Bangalore | G5: =VLOOKUP(TRIM(E5),dim_cities!$A$2:$C$11,3,FALSE) -> Tier 1
A6: 120035 | B6: Mohanlal Joshi | C6: 19-30 | D6: F | E6: CT120 | F6: =VLOOKUP(TRIM(E6), dim_cities!$A$2:$C$11, 2, FALSE) -> Lucknow | G6: =VLOOKUP(TRIM(E6),dim_cities!$A$2:$C$11,3,FALSE) -> Tier 2
A7: 120036 | B7: Zeeshan Ratta | C7: 19-30 | D7: F | E7: CT118 | F7: =VLOOKUP(TRIM(E7), dim_cities!$A$2:$C$11, 2, FALSE) -> Pune | G7: =VLOOKUP(TRIM(E7),dim_cities!$A$2:$C$11,3,FALSE) -> Tier 2
A8: 120037 | B8: Oorja Anne | C8: 19-30 | D8: M | E8: CT112 | F8: =VLOOKUP(TRIM(E8), dim_cities!$A$2:$C$11, 2, FALSE) -> Mumbai | G8: =VLOOKUP(TRIM(E8),dim_cities!$A$2:$C$11,3,FALSE) -> Tier 1
A9: 120038 | B9: Rhea Khanna | C9: 19-30 | D9: M | E9: CT116 | F9: =VLOOKUP(TRIM(E9), dim_cities!$A$2:$C$11, 2, FALSE) -> Hyderabad | G9: =VLOOKUP(TRIM(E9),dim_cities!$A$2:$C$11,3,FALSE) -> Tier 1
A10: 120039 | B10: Zara Joshi | C10: 46-65 | D10: M | E10: CT116 | F10: =VLOOKUP(TRIM(E10), dim_cities!$A$2:$C$11, 2, FALSE) -> Hyderabad | G10: =VLOOKUP(TRIM(E10),dim_cities!$A$2:$C$11,3,FALSE) -> Tier 1
A11: 120040 | B11: Sana Dhawan | C11: 19-30 | D11: F | E11: CT116 | F11: =VLOOKUP(TRIM(E11), dim_cities!$A$2:$C$11, 2, FALSE) -> Hyderabad | G11: =VLOOKUP(TRIM(E11),dim_cities!$A$2:$C$11,3,FALSE) -> Tier 1
A12: 120041 | B12: Misha Warrior | C12: 19-30 | D12: F | E12: CT113 | F12: =VLOOKUP(TRIM(E12), dim_cities!$A$2:$C$11, 2, FALSE) -> Bangalore | G12: =VLOOKUP(TRIM(E12),dim_cities!$A$2:$C$11,3,FALSE) -> Tier 1
A13: 120042 | B13: Kiara Chander | C13: 19-30 | D13: F | E13: CT112 | F13: =VLOOKUP(TRIM(E13), dim_cities!$A$2:$C$11, 2, FALSE) -> Mumbai | G13: =VLOOKUP(TRIM(E13),dim_cities!$A$2:$C$11,3,FALSE) -> Tier 1
... A71: 120100 | B71: Divyansh Bhatt | C71: 19-30 | D71: M | E71: CT114 | F71: =VLOOKUP(TRIM(E71), dim_cities!$A$2:$C$11, 2, FALSE) -> Chennai | G71: =VLOOKUP(TRIM(E71),dim_cities!$A$2:$C$11,3,FALSE) -> Tier 1

Sheet dim_cities
A1: City_ID | B1: City | C1: Tier
A2: CT111 | B2: Delhi | C2: Tier 1
A3: CT112 | B3: Mumbai | C3: Tier 1
A4: CT113 | B4: Bangalore | C4: Tier 1
A5: CT114 | B5: Chennai | C5: Tier 1
A6: CT115 | B6: Kolkata | C6: Tier 2
A7: CT116 | B7: Hyderabad | C7: Tier 1
A8: CT117 | B8: Ahmedabad | C8: Tier 2
A9: CT118 | B9: Pune | C9: Tier 2
A10: CT119 | B10: Jaipur | C10: Tier 2
A11: CT120 | B11: Lucknow | C11: Tier 2

Sheet DashBoard
I2: City | J2: (All)
I3: Taste Experience in Every Purchase Location
J4: Values
I5: Brand | J5: Avg Taste_experience | K5: No. Of Repondents
I6: Bepsi | J6: 3.2777778 | K6: 18
I7: Blue Bull | J7: 3 | K7: 7
I8: Codex | J8: 3.5 | K8: 6
I9: Cola-Coka | J9: 3.2 | K9: 15
I10: Gangster | J10: 3.0833333 | K10: 12
I11: Others | J11: 3 | K11: 5
I12: Sky 9 | J12: 3.8571429 | K12: 7
